{"Episode/rew_tracking_ang_vel":0.2487574,"Episode/rew_joint_pose_matching":0.014308176,"Policy/mean_noise_std":1.0537676,"Episode/rew_action_rate":-0.07132201,"Loss/surrogate":-0.0013360698,"Episode/rew_similar_to_default":-0.14165084,"Loss/learning_rate":0.00017085938,"_wandb":{"runtime":267},"Episode/rew_leg_symmetry":0.0016354178,"Loss/value_function":0.0010412434,"Perf/collection time":0.12697244,"_runtime":267.433693055,"_step":34500,"Episode/rew_ground_contact":1.7343593,"Episode/rew_velocity_profile":0.77025074,"Loss/entropy":16.967163,"Episode/rew_lin_vel_z":-0.005652543,"Train/mean_episode_length":1001,"Train/mean_reward/time":107.80739,"Episode/rew_tracking_lin_vel":0.47718388,"Perf/learning_time":0.030777454,"_timestamp":1.7471897135374815e+09,"global_step":261,"Train/mean_reward":107.80739,"Train/mean_episode_length/time":1001,"Episode/rew_chassis_height":0.7083796,"Perf/total_fps":38947,"Episode/rew_forward_motion":1.6786865}