{"Loss/learning_rate":0.00011390625,"Episode/rew_stability":0.00026446098,"Train/mean_reward":0.8007814,"Policy/mean_noise_std":1.0087839,"global_step":3,"Train/mean_episode_length":16.578125,"Train/mean_reward/time":0.8007814,"Loss/value_function":0.1376361,"Loss/surrogate":-0.013862158,"Perf/collection time":0.29588294,"Episode/rew_joint_velocity_matching":0.045051467,"Perf/total_fps":4696,"Perf/learning_time":0.031166553,"_wandb":{"runtime":4},"Loss/entropy":17.12878,"Episode/rew_end_effector_matching":0.0011279648,"Train/mean_episode_length/time":16.578125,"_step":159,"Episode/rew_joint_pose_matching":0.00030675228,"_timestamp":1.74727482303608e+09,"_runtime":4.182671145}