{"_wandb":{"runtime":69},"Perf/learning_time":0.03396225,"Episode/rew_similar_to_default":-0.007944545,"Train/mean_reward/time":76.35879,"Loss/entropy":17.229963,"Episode/rew_action_rate":-0.0035901086,"Episode/rew_base_height":-0.00066695083,"Policy/mean_noise_std":1.0171171,"_runtime":69.083140796,"Episode/rew_lin_vel_z":-0.0060486924,"_timestamp":1.7471827157259984e+09,"_step":1449,"Episode/rew_chassis_height":0.698699,"Loss/surrogate":-0.0014333002,"Perf/collection time":0.93149614,"Episode/rew_forward_motion":3.1323805,"Train/mean_episode_length":27.23,"Loss/learning_rate":0.001946195,"Train/mean_reward":76.35879,"Train/mean_episode_length/time":27.23,"Episode/rew_tracking_ang_vel":0.004062455,"Episode/rew_joint_pose_matching":0.0075148656,"Perf/total_fps":6363,"Loss/value_function":275.80148,"Episode/rew_tracking_lin_vel":0.015509298,"global_step":67}