{"_step":8000,"Policy/mean_noise_std":0.85174304,"Loss/surrogate":0.0020598425,"Episode/rew_joint_velocity_matching":3.370184,"Perf/total_fps":6813,"Train/mean_reward/time":122.36618,"Episode/rew_stability":1.5080084,"Perf/collection time":0.4221382,"Train/mean_reward":122.36618,"Episode/rew_end_effector_matching":0.6643344,"Episode/rew_joint_pose_matching":0.5748353,"_wandb":{"runtime":232},"_runtime":232.234359489,"Loss/value_function":0.0028146417,"Loss/learning_rate":0.0005766504,"Train/mean_episode_length/time":1001,"global_step":230,"_timestamp":1.7472752560867128e+09,"Train/mean_episode_length":1001,"Loss/entropy":15.063236,"Perf/learning_time":0.028698444}