{"Policy/mean_noise_std":0.83672076,"Episode/rew_chassis_height":0.66429275,"Perf/learning_time":0.030283451,"Perf/collection time":1.3542998,"Episode/rew_similar_to_default":-0.05700613,"global_step":699,"Episode/rew_lin_vel_z":-0.005261034,"Episode/rew_forward_motion":0.5693735,"Episode/rew_tracking_lin_vel":0.36580878,"Episode/rew_action_rate":-0.053076517,"_step":12500,"Episode/rew_velocity_profile":0.0028384868,"Episode/rew_gait_continuation":0.2922011,"Train/mean_episode_length/time":1001,"Loss/value_function":0.0010441676,"Train/mean_episode_length":1001,"Episode/rew_end_effector_matching":0.0013910983,"Train/mean_reward/time":90.563965,"Perf/total_fps":4437,"_wandb":{"runtime":702},"_timestamp":1.7472326657470508e+09,"Train/mean_reward":90.563965,"Loss/surrogate":-0.0046576667,"Episode/rew_tracking_ang_vel":0.14682314,"Loss/learning_rate":0.00025628906,"Episode/rew_leg_symmetry":0.0008729698,"Episode/rew_joint_pose_matching":0.0011578642,"Loss/entropy":14.557483,"_runtime":702.245173149,"Episode/rew_ground_contact":2.6290793}