{"Episode/rew_base_height":-0.05537133,"Perf/learning_time":0.032220364,"Train/mean_episode_length":878.01,"Episode/rew_tracking_ang_vel":0.099410936,"_wandb":{"runtime":179},"global_step":176,"Train/mean_reward":77.62942,"Train/mean_reward/time":77.62942,"Perf/collection time":0.13407397,"Loss/surrogate":-0.009054146,"Episode/rew_lin_vel_z":-0.022469133,"_step":19000,"_timestamp":1.7470937661182728e+09,"Loss/learning_rate":0.00025628906,"Loss/entropy":23.653107,"Perf/total_fps":73893,"Episode/rew_action_rate":-0.4928536,"Loss/value_function":0.2011712,"Episode/rew_similar_to_default":-0.2745546,"Episode/rew_joint_pose_matching":3.8506298,"Policy/mean_noise_std":1.7401782,"_runtime":179.819725072,"Train/mean_episode_length/time":878.01,"Episode/rew_tracking_lin_vel":0.70715404}